Customer_Id,Name,Total_Purchases,Total_Transactions,Avg_Transaction_Value
13,Mary Baldwin,3185.6200000000003,16,199.10125000000002
16,Tiffany Smith,2349.77,17,138.22176470588235
22,Joseph Smith,2744.6800000000003,16,171.54250000000002
24,Mary Smith,2769.47,15,184.63133333333332
26,Johnny Hood,3209.7999999999997,13,246.9076923076923
31,Mary Byrd,3774.55,24,157.27291666666667
38,Mary Smith,2649.74,16,165.60875
59,Douglas James,1869.7500000000002,10,186.97500000000002
64,Mary Reynolds,1404.8700000000001,7,200.6957142857143
73,Mary Smith,2719.73,13,209.21
80,Joe Parsons,2259.7799999999997,11,205.43454545454543
93,Mary Robbins,2069.84,12,172.48666666666668
98,William Smith,4379.48,23,190.41217391304346
103,Mary Williams,3179.7100000000005,15,211.9806666666667
124,Judy Smith,3399.74,17,199.98470588235293
129,Crystal Smith,2877.7200000000003,11,261.6109090909091
131,Brenda Cline,1623.7099999999998,11,147.60999999999999
138,Mary Dawson,2419.8,12,201.65
152,Mary Smith,1709.71,7,244.24428571428572
187,Mildred Herrera,4629.490000000001,24,192.8954166666667
189,Angela Peterson,1909.8200000000002,8,238.72750000000002
198,Mary Joseph,2464.67,13,189.59
208,Mary Smith,1404.9,7,200.70000000000002
236,Ashley Clark,3779.6400000000003,15,251.97600000000003
245,Deborah Smith,5202.360000000001,25,208.09440000000004
253,Nancy Smith,309.89,2,154.945
267,Richard Smith,1479.83,10,147.983
268,Mary Miller,1881.8500000000001,10,188.185
281,Stephanie Smith,1549.7600000000002,8,193.72000000000003
289,Diana Richards,4066.54,21,193.6447619047619
312,Jack Smith,3106.71,14,221.90785714285715
316,Mary Smith,2549.66,15,169.97733333333332
318,Samantha Smith,3464.66,15,230.97733333333332
321,David Smith,4397.46,22,199.88454545454545
330,Mary Smith,2309.78,13,177.67538461538464
332,Mary Smith,2189.63,12,182.46916666666667
337,Mary Neal,2089.79,10,208.97899999999998
349,Aaron Berger,2609.63,12,217.46916666666667
354,Edward Peterson,4693.51,25,187.74040000000002
361,Alexander Shaw,2279.8100000000004,16,142.48812500000003
369,Madison Sheppard,3339.71,18,185.53944444444446
371,Adam Marquez,4919.7300000000005,18,273.3183333333334
375,Mark Smith,2390.65,15,159.37666666666667
409,Kevin Smith,2489.58,16,155.59875
434,Michael Torres,4926.4400000000005,23,214.1930434782609
438,Diane Smith,3309.6000000000004,15,220.64000000000001
461,Mary Smith,1914.7600000000002,12,159.56333333333336
467,James Smith,6992.3,31,225.55806451612904
493,Joseph Smith,649.91,4,162.4775
500,Nicholas Smith,1644.63,10,164.46300000000002
513,Tyler Smith,893.9000000000001,5,178.78000000000003
530,Mary Smith,729.95,4,182.4875
535,Patricia Hunt,2389.7700000000004,11,217.2518181818182
539,Marilyn Smith,3589.6900000000005,15,239.3126666666667
545,Joe Andrade,1309.8600000000001,5,261.97200000000004
547,Kathleen Contreras,2561.5400000000004,12,213.4616666666667
548,Ryan Horton,5458.34,28,194.94071428571428
551,Doris Weaver,4229.53,19,222.60684210526315
555,Mildred Smith,2249.6800000000003,12,187.47333333333336
559,Paul Melton,1813.62,11,164.87454545454545
560,Emma Smith,1969.85,10,196.98499999999999
562,Mary Smith,1399.93,5,279.986
576,Arthur Fisher,3169.6800000000003,16,198.10500000000002
580,Kimberly Lee,429.92,4,107.48
611,Lisa Cross,2019.8700000000001,9,224.43
627,Robert Smith,3169.7200000000003,17,186.45411764705884
645,Mary Conner,2639.8100000000004,11,239.98272727272732
651,Mary Smith,1579.75,8,197.46875
653,Jason Haas,3669.53,15,244.63533333333334
655,Joseph Dougherty,2869.66,17,168.80352941176469
656,Julie Smith,4455.39,24,185.64125
658,Peter Farley,419.86,2,209.93
660,Shirley Baker,3674.5400000000004,17,216.14941176470592
663,Mary Smith,1019.85,7,145.69285714285715
664,Bobby Jimenez,8394.26,39,215.23743589743592
665,Mary Smith,549.98,2,274.99
668,Phillip Lewis,1325.88,6,220.98000000000002
699,Raymond Richards,899.9200000000001,3,299.97333333333336
707,Shawn Ortiz,439.9,4,109.975
712,Mary Ayala,3259.5299999999997,12,271.6275
714,Mark Beltran,3499.66,16,218.72875
749,Jesse Matthews,7649.38,38,201.29947368421054
759,Donna Smith,3949.5099999999998,19,207.86894736842103
762,Mary Smith,2939.7000000000003,13,226.13076923076926
767,Christine Horne,4117.450000000001,21,196.06904761904767
790,Martha Robinson,1849.6800000000003,11,168.1527272727273
803,James Hartman,1939.79,12,161.64916666666667
821,Daniel Clayton,4339.64,22,197.25636363636366
828,Johnny Herrera,599.96,5,119.992
829,Mary Smith,2154.7000000000003,13,165.74615384615387
839,Lisa Walker,961.8200000000002,5,192.36400000000003
847,Jerry Ferguson,5260.31,31,169.6874193548387
851,Mary Snyder,2223.7700000000004,10,222.37700000000004
872,Keith Barnes,3504.62,20,175.231
900,George Smith,2259.7,9,251.07777777777775
917,Andrew Glenn,4419.47,20,220.9735
946,Mary Smith,4469.49,21,212.83285714285714
951,Mary Young,2444.7300000000005,13,188.05615384615388
964,Mary Frazier,3741.5200000000004,17,220.08941176470591
967,Madison Smith,2883.6600000000003,16,180.22875000000002
970,Mary Alvarez,4479.49,23,194.76043478260868
979,Mary Smith,2233.77,10,223.377
1010,Carolyn Moss,2285.66,14,163.26142857142855
1024,Paul Alvarado,5097.5,23,221.6304347826087
1048,Frances Terrell,2367.7700000000004,10,236.77700000000004
1050,Gloria Marshall,719.88,4,179.97
1057,Richard Haynes,2793.76,13,214.9046153846154
1069,Mary Daniel,4239.5599999999995,18,235.53111111111107
1071,Mary Roach,579.97,3,193.32333333333335
1075,Michelle Smith,2479.41,14,177.10071428571428
1076,Tyler Thompson,2479.64,16,154.9775
1077,Mary Williamson,1079.8300000000002,5,215.96600000000004
1083,Mary Herman,2699.68,14,192.8342857142857
1092,George Garcia,5004.259999999999,24,208.5108333333333
1095,Mary Owens,1529.8200000000002,7,218.5457142857143
1101,Mary Smith,2317.73,14,165.55214285714285
1119,Bryan Ramos,2894.6100000000006,18,160.8116666666667
1121,Kathleen Smith,1169.89,8,146.23625
1146,Alice Evans,1649.83,6,274.97166666666664
1156,Mary Terrell,737.9300000000001,4,184.48250000000002
1158,Emily Price,5327.4,29,183.70344827586206
1160,Mary Randolph,2329.79,11,211.7990909090909
1170,Daniel Villarreal,1659.9,8,207.4875
1209,Mary Webb,4049.51,20,202.4755
1215,Joe Hart,1749.8700000000001,11,159.07909090909092
1217,Robert Compton,1209.8600000000001,7,172.83714285714288
1220,Samantha Terry,2339.82,8,292.4775
1221,Mary Smith,3229.4900000000002,15,215.29933333333335
1236,Virginia Robertson,4354.56,22,197.93454545454549
1247,Robert Montgomery,3059.7300000000005,14,218.55214285714288
1267,Sharon Mclaughlin,1559.7,11,141.79090909090908
1269,Mary Young,3569.54,16,223.09625
1271,Carolyn Shea,2549.73,13,196.1330769230769
1279,Alexander Williams,809.94,4,202.485
1283,Ashley White,3830.55,20,191.5275
1295,Theresa Lopez,3579.3300000000004,20,178.96650000000002
1297,Christopher Roberts,2829.78,16,176.86125
1302,Alice Edwards,1619.8200000000002,8,202.47750000000002
1322,Aaron Williamson,3089.6500000000005,16,193.10312500000003
1326,Mary Edwards,2639.6900000000005,16,164.98062500000003
1334,Roger Dunlap,2011.56,12,167.63
1335,Mary Smith,3854.5200000000004,17,226.7364705882353
1339,Melissa Mack,4009.5,19,211.02631578947367
1342,Laura Savage,2789.67,11,253.60636363636365
1369,Mary Walker,3157.6200000000003,14,225.54428571428573
1382,Mary Aguilar,1424.74,8,178.0925
1397,Dorothy Carter,3669.5599999999995,16,229.34749999999997
1399,Mary Smith,3039.6600000000003,17,178.8035294117647
1419,Mary Black,2689.5699999999997,14,192.11214285714283
1429,Pamela Murphy,2383.7000000000003,14,170.26428571428573
1476,Eugene Bray,129.99,1,129.99
1510,Mary Smith,1771.8300000000002,11,161.07545454545456
1515,Crystal Peters,3174.4699999999993,17,186.73352941176466
1518,Jessica Smith,3735.54,18,207.53
1522,Mary Yates,4349.5,20,217.475
1528,Anthony Smith,3007.6600000000003,14,214.83285714285716
1533,Linda Kent,1869.8700000000001,9,207.76333333333335
1538,Mary Smith,1949.8400000000001,9,216.6488888888889
1541,Victoria Smith,2374.7300000000005,12,197.8941666666667
1557,Nicole Bolton,1049.8400000000001,5,209.96800000000002
1574,Mary Smith,4279.51,21,203.78619047619048
1581,Mary Smith,1141.8500000000001,10,114.18500000000002
1582,Carol Merritt,3789.67,16,236.854375
1591,Charles Johnson,3479.6400000000003,17,204.68470588235297
1598,Mary Green,2549.67,16,159.354375
1611,Jennifer Smith,3696.5600000000004,14,264.04
1613,Mary Smith,4104.5,19,216.02631578947367
1624,Walter Huerta,4935.61,23,214.59173913043477
1627,Mary Gonzales,5285.200000000001,26,203.2769230769231
1634,Jason Riggs,3951.63,17,232.44882352941178
1636,Julie Petersen,6129.2300000000005,26,235.7396153846154
1653,Brian Gates,3007.59,17,176.91705882352943
1655,Arthur Hunter,539.9100000000001,4,134.97750000000002
1662,George Smith,3679.4700000000003,16,229.96687500000002
1670,Keith Callahan,4889.49,21,232.83285714285714
1677,Virginia Robles,4269.63,20,213.4815
1682,Mary Hall,3019.7,16,188.73125
1684,Anna Smith,2619.79,15,174.65266666666668
1686,Mary Smith,2817.63,16,176.101875
1694,Mary Thompson,699.86,5,139.972
1699,Mary Webb,1889.91,10,188.991
1708,Margaret Booth,3019.65,14,215.68928571428572
1712,Megan Brown,2224.6900000000005,14,158.90642857142862
1713,Mary Gardner,2749.7,13,211.5153846153846
1745,Mary Smith,4299.6,21,204.74285714285716
1759,Mary Barnett,2249.8,9,249.9777777777778
1780,Larry Sharp,7071.28,30,235.70933333333332
1785,Mary Smith,2989.76,17,175.86823529411765
1797,Carolyn Smith,4049.580000000001,17,238.21058823529415
1805,Mary Porter,895.94,5,179.18800000000002
1817,Teresa Mitchell,4199.56,22,190.88909090909092
1824,Julia Tucker,6151.359999999999,34,180.92235294117643
1835,Mary Smith,2937.59,16,183.599375
1853,Mary Austin,5599.51,25,223.9804
1870,Tiffany Greer,1805.7600000000002,14,128.98285714285717
1873,Ronald Scott,2728.5699999999997,16,170.53562499999998
1884,Joan Sanders,619.85,4,154.9625
1887,Katherine Jenkins,2779.6900000000005,12,231.64083333333338
1888,Julia Smith,1679.93,6,279.98833333333334
1895,George Myers,3044.61,12,253.7175
1898,Mary Hammond,1514.8700000000001,10,151.48700000000002
1912,Robert Nunez,4145.610000000001,19,218.19000000000003
1913,Ethan Smith,829.9300000000001,3,276.6433333333334
1929,Kathryn Smith,1139.8400000000001,7,162.83428571428573
1942,Joseph Moran,1134.89,6,189.14833333333334
1950,Mary Boyer,3631.6099999999997,16,226.97562499999998
1979,Kimberly Kramer,6063.1900000000005,31,195.5867741935484
1989,Richard Leach,5649.23,32,176.5384375
1991,Lori Wells,1793.8600000000001,9,199.3177777777778
1992,Mary Mann,429.97,2,214.985
2023,Mary Fox,1647.81,8,205.97625
2035,Mary Salas,2455.7300000000005,14,175.40928571428574
2038,Tammy Smith,4239.63,18,235.535
2042,Sara Castro,3049.6400000000003,14,217.8314285714286
2043,Mary Smith,1789.7800000000002,7,255.68285714285716
2058,Mary Hernandez,3639.55,18,202.19722222222222
2069,Alice Ellison,4349.25,21,207.10714285714286
2082,Megan Holland,1664.8400000000001,9,184.98222222222225
2087,Mary Burton,5287.29,22,240.33136363636365
2099,Dylan Preston,2044.7700000000002,10,204.47700000000003
2144,Mary Trevino,3719.6799999999994,17,218.8047058823529
2150,Andrea Lawson,2929.63,17,172.33117647058825
2159,Kimberly Sweeney,2999.63,15,199.97533333333334
2161,Mary Mercer,1674.89,8,209.36125
2164,Ethan Smith,3414.58,18,189.6988888888889
2168,Mary Reynolds,429.97,2,214.985
2171,Mary Jones,1899.8000000000002,7,271.40000000000003
2175,Mary Smith,3019.8,16,188.7375
2183,Richard Smith,2985.5600000000004,18,165.86444444444447
2197,Joseph Smith,6493.22,32,202.913125
2213,Henry Castaneda,2413.7000000000003,12,201.14166666666668
2220,James Smith,6427.35,25,257.094
2245,Megan Johnson,1794.8000000000002,9,199.42222222222225
2246,Mary Lewis,1299.9,7,185.70000000000002
2250,Amanda Smith,5009.450000000001,21,238.54523809523812
2251,Gregory Manning,3179.59,14,227.11357142857145
2255,Cheryl Kline,4539.54,23,197.37130434782608
2273,Jacob Smith,1199.8600000000001,8,149.98250000000002
2284,Mary Shaffer,3514.5600000000004,17,206.73882352941177
2300,Patrick Williamson,2914.63,18,161.92388888888888
2321,Mary Patel,4474.4800000000005,22,203.38545454545456
2322,Zachary Smith,2629.63,16,164.351875
2328,Victoria Stevens,3189.63,18,177.20166666666668
2347,Rose Smith,1279.8700000000001,8,159.98375000000001
2370,Mary Hurley,2487.65,13,191.3576923076923
2402,Mary Smith,4319.4,24,179.975
2416,Susan Sullivan,1634.8200000000002,11,148.62
2420,Mary Smith,3684.6300000000006,18,204.7016666666667
2449,Mary Burke,749.9100000000001,4,187.47750000000002
2456,Joan Donaldson,1774.8300000000002,10,177.483
2459,Robert Lyons,1299.81,9,144.42333333333332
2471,Olivia Smith,2709.6900000000005,13,208.43769230769234
2476,Gerald Smith,4039.6200000000003,17,237.62470588235297
2479,Mary Miller,749.94,4,187.485
2483,Mary Lane,3049.7400000000002,15,203.316
2486,Anna Mcdonald,2009.6900000000003,13,154.59153846153848
2496,Mary Smith,2614.78,12,217.89833333333334
2504,Mary Smith,4074.5299999999997,22,185.20590909090907
2524,Mary Mays,2679.75,11,243.61363636363637
2527,Heather Smith,959.94,4,239.985
2531,Mary Fitzpatrick,3219.52,18,178.86222222222221
2536,Richard Pineda,1339.8999999999999,8,167.48749999999998
2548,Mary Curtis,1479.7800000000002,10,147.978
2559,Donna Hall,3324.3100000000004,15,221.6206666666667
2561,Angela Smith,1673.9,11,152.1727272727273
2564,Phillip Smith,5889.540000000001,18,327.1966666666667
2569,Mary Duncan,4123.51,20,206.1755
2571,Zachary Beasley,3839.620000000001,17,225.86000000000004
2574,Martha Ward,3069.61,17,180.56529411764706
2590,Mary Andrade,3539.71,19,186.30052631578948
2636,Christian Smith,3919.42,19,206.28526315789475
2638,Mary Hardy,3209.6900000000005,15,213.97933333333336
2643,David Smith,2119.67,13,163.05153846153846
2669,Dorothy Buck,5090.280000000001,26,195.78000000000003
2670,Mary Smith,4339.58,20,216.97899999999998
2676,Jeffrey Smith,4251.550000000001,20,212.57750000000004
2683,Mary Gallegos,5539.200000000001,28,197.82857142857145
2705,Mary Smith,2749.6800000000003,14,196.4057142857143
2730,Mary Baldwin,729.94,3,243.31333333333336
2734,Louis Richardson,2369.84,10,236.984
2738,Amber Holmes,3319.58,16,207.47375
2741,Jason Smith,2303.6099999999997,15,153.57399999999998
2773,Linda Hale,6299.370000000001,31,203.20548387096775
2791,Martha Smith,329.98,2,164.99
2793,Mary Smith,2679.6000000000004,15,178.64000000000001
2818,Mary Smith,3529.5400000000004,17,207.62000000000003
2820,Roy Smith,549.9000000000001,6,91.65000000000002
2833,Eric Vega,5277.28,25,211.0912
2875,Mary Roberts,449.91999999999996,2,224.95999999999998
2889,Tyler Smith,3469.61,14,247.82928571428573
2891,Victoria Pitts,2097.63,15,139.842
2901,Emma Davis,2209.6900000000005,13,169.9761538461539
2905,Kelly Livingston,1809.8000000000002,9,201.0888888888889
2915,Sandra Green,3369.7200000000003,12,280.81
2922,Madison Russo,4234.450000000001,18,235.24722222222226
2928,Sarah Larsen,3549.6000000000004,16,221.85000000000002
2935,Mary Smith,1569.79,9,174.42111111111112
2937,Mary Mcclure,519.91,3,173.3033333333333
2938,Nicole Smith,3191.5200000000004,18,177.3066666666667
2940,Mary Smith,1879.8100000000002,10,187.98100000000002
2941,Brian Martinez,1569.8700000000001,6,261.64500000000004
2942,Mary Taylor,5189.64,18,288.31333333333333
2990,Michael Smith,1801.78,8,225.2225
2994,Mary Lawson,3279.6000000000004,17,192.91764705882355
3017,Frank Thompson,1899.67,8,237.45875
3021,Nancy Alvarado,4729.58,20,236.47899999999998
3044,Mary Hunter,3149.6000000000004,15,209.97333333333336
3051,John Johnson,5779.24,24,240.80166666666665
3054,Gregory Pope,1314.8400000000001,7,187.83428571428573
3057,Mary Smith,1687.8500000000001,7,241.1214285714286
3075,Jonathan Peterson,1189.8500000000001,5,237.97000000000003
3077,Albert Rush,2174.75,11,197.70454545454547
3132,Mary Gutierrez,2969.7,15,197.98
3135,Helen Ward,1179.9,7,168.55714285714288
3148,Mary Barrett,4217.549999999999,23,183.37173913043475
3156,Kathleen Smith,1229.88,6,204.98000000000002
3162,Wayne Smith,2812.61,15,187.50733333333335
3164,Karen Smith,2579.78,13,198.4446153846154
3167,Janice Ward,4929.52,22,224.06909090909093
3170,Mary Smith,1291.8700000000001,8,161.48375000000001
3176,Donna Smith,3551.54,17,208.91411764705882
3189,Bryan Smith,4389.570000000001,19,231.03000000000003
3204,Edward Smith,1747.79,8,218.47375
3206,Mary Smith,5089.44,20,254.47199999999998
3222,Mary Williams,3173.5699999999997,18,176.30944444444444
3235,Lori Baker,4993.6,26,192.06153846153848
3240,Kelly Golden,3595.62,20,179.781
3242,Mary Garcia,1881.8600000000001,10,188.186
3252,Mary Smith,1363.8400000000001,7,194.83428571428573
3255,Mary Christian,1413.9,7,201.9857142857143
3278,Patrick Anderson,129.99,1,129.99
3281,Teresa Werner,3359.7300000000005,13,258.44076923076926
3308,Aaron Smith,1315.73,10,131.573
3311,Ryan Shelton,2949.82,14,210.70142857142858
3317,Betty Smith,2899.6200000000003,13,223.04769230769233
3324,Mary Smith,2509.7300000000005,10,250.97300000000004
3339,Mary Payne,819.9000000000001,4,204.97500000000002
3343,Vincent Smith,3917.6099999999997,15,261.174
3354,Russell Flores,1119.85,7,159.97857142857143
3357,Mary Smith,1729.8700000000001,6,288.31166666666667
3372,Virginia Smith,2179.75,12,181.64583333333334
3390,Elizabeth Stephenson,2227.74,12,185.64499999999998
3400,Frank Lewis,1229.8600000000001,7,175.69428571428574
3425,Andrea Smith,2753.75,14,196.69642857142858
3431,Mary Berger,1399.87,7,199.98142857142855
3437,Mary Massey,2399.6400000000003,12,199.97000000000003
3440,Mary Edwards,1459.7800000000002,9,162.1977777777778
3458,Henry Smith,2899.6500000000005,16,181.22812500000003
3459,Mary Wright,2375.62,13,182.73999999999998
3468,Mary Romero,4889.47,27,181.09148148148148
3481,Ronald Obrien,1629.8400000000001,8,203.73000000000002
3484,Rebecca Hunter,829.84,6,138.30666666666667
3502,Mary Smith,2171.6800000000003,12,180.97333333333336
3519,Nicholas Ruiz,3659.7400000000002,18,203.3188888888889
3540,Nicole Bishop,1229.7199999999998,6,204.9533333333333
3552,Kathleen Smith,2739.6400000000003,17,161.1552941176471
3557,Benjamin Clarke,2267.79,10,226.779
3572,Mary Bennett,3897.57,20,194.8785
3587,Michelle Potter,2299.71,13,176.90076923076924
3589,Mary Smith,3889.55,21,185.21666666666667
3597,Margaret Smith,3539.79,15,235.986
3610,Jordan Smith,3779.6600000000003,21,179.98380952380953
3613,Mary York,2815.78,13,216.59846153846155
3621,Mary West,3144.82,10,314.482
3627,Mary Smith,3373.6899999999996,18,187.4272222222222
3668,Judy Smith,1629.92,7,232.8457142857143
3669,Mary Soto,2719.75,11,247.25
3676,Mary Smith,5155.540000000001,25,206.22160000000002
3683,Mary Fernandez,2219.73,11,201.79363636363635
3697,Mary Hobbs,2444.71,15,162.98066666666668
3713,Helen Smith,4771.26,19,251.11894736842106
3723,Mary Jones,3679.4700000000003,18,204.41500000000002
3734,Katherine Smith,1949.7800000000002,10,194.978
3745,Kimberly Smith,3194.63,16,199.664375
3750,Mary Smith,2915.61,13,224.27769230769232
3754,Mary Sims,5369.15,26,206.5057692307692
3759,Mary Taylor,1119.77,7,159.96714285714285
3763,Mary Martinez,5001.5,29,172.4655172413793
3766,David Chavez,2209.6400000000003,16,138.10250000000002
3784,Mary Sharp,3235.6800000000003,15,215.71200000000002
3794,Julia Smith,2714.81,12,226.23416666666665
3795,Peter Williams,1259.92,7,179.98857142857145
3804,Andrew Le,909.96,6,151.66
3808,Nancy Smith,2494.62,13,191.89384615384614
3823,Charles Ortega,1569.8400000000001,9,174.42666666666668
3828,Janice Carpenter,2348.65,13,180.66538461538462
3846,Ronald Lewis,339.97,3,113.32333333333334
3854,Mary Gilbert,1689.8200000000002,12,140.81833333333336
3861,Mary Smith,549.95,4,137.4875
3865,Jessica Hunter,3229.6500000000005,17,189.9794117647059
3923,Mary King,2869.62,14,204.97285714285712
3929,Amanda Levy,3939.5600000000004,19,207.34526315789475
3932,Evelyn Smith,1379.92,5,275.98400000000004
3968,Catherine Pacheco,4269.6,17,251.15294117647062
3969,Carl Smith,3248.4600000000005,19,170.97157894736844
3971,John Smith,2136.67,13,164.35923076923078
3984,Brenda Webster,2881.6500000000005,16,180.10312500000003
3987,Alice Allen,2129.7700000000004,14,152.1264285714286
4012,Mary Smith,2275.67,16,142.229375
4014,Mary Smith,3086.53,21,146.97761904761904
4025,Janet Schmidt,4819.33,24,200.80541666666667
4041,Mary Santiago,1409.84,8,176.23
4053,Rebecca Turner,3419.7400000000002,15,227.9826666666667
4060,Mary Smith,424.93000000000006,7,60.704285714285724
4061,Jeffrey Houston,2125.86,9,236.20666666666668
4064,Mildred Smith,2844.63,12,237.0525
4074,Barbara Smith,1689.7800000000002,9,187.75333333333336
4085,Mary Carr,1479.9,7,211.41428571428574
4086,James Smith,2844.67,13,218.82076923076923
4095,Mary Lewis,1609.7499999999998,8,201.21874999999997
4097,Russell Smith,1779.81,9,197.75666666666666
4108,Mary Smith,2589.68,10,258.96799999999996
4119,Peter Smith,2338.76,13,179.9046153846154
4124,Jerry Larsen,2389.7900000000004,11,217.2536363636364
4143,Mary Smith,1579.77,9,175.53
4144,David Collins,3240.4800000000005,17,190.61647058823533
4152,Deborah Martinez,1989.8500000000001,9,221.09444444444446
4156,Mary Smith,1187.5900000000001,7,169.6557142857143
4158,Tyler Smith,199.99,1,199.99
4181,Aaron Hudson,6563.209999999999,29,226.31758620689652
4201,Mary Smith,2569.86,10,256.986
4202,Kimberly Griffin,4549.389999999999,26,174.97653846153844
4210,Matthew Roach,3609.6500000000005,14,257.8321428571429
4220,Mary Morgan,3589.6000000000004,18,199.42222222222225
4224,Mary Smith,4125.550000000001,24,171.8979166666667
4234,Dorothy Spencer,2634.61,15,175.64066666666668
4244,Mark Hooper,849.9300000000001,6,141.655
4255,Brittany Smith,3614.7000000000003,19,190.24736842105264
4261,Amber Nguyen,4035.58,20,201.779
4265,Debra Smith,4895.35,26,188.28269230769232
4267,Ashley Peters,2469.76,12,205.81333333333336
4268,Ruth Deleon,4069.53,19,214.18578947368422
4278,Andrew Smith,4949.43,24,206.22625000000002
4301,Emily Smith,1305.76,7,186.53714285714287
4308,William Smith,4665.59,22,212.07227272727275
4311,Albert Collins,2119.8100000000004,11,192.71000000000004
4314,Catherine Curry,1333.91,5,266.78200000000004
4315,Mary Smith,2599.6400000000003,14,185.68857142857146
4319,Melissa Smith,924.9100000000001,7,132.13000000000002
4320,Jordan Taylor,5016.34,28,179.155
4327,Sarah Greene,2096.75,12,174.72916666666666
4329,Mary Ayala,1675.77,9,186.19666666666666
4340,Stephen Beck,4074.48,21,194.02285714285713
4372,Mary Smith,3119.6600000000003,17,183.5094117647059
4418,Mary Mills,599.91,4,149.9775
4447,Mary Wyatt,1899.75,10,189.975
4456,Evelyn Spencer,4384.570000000001,22,199.2986363636364
4465,John Sanchez,3841.51,18,213.41722222222222
4482,Randy Elliott,1119.8,6,186.63333333333333
4487,Rebecca Knight,4249.58,23,184.76434782608695
4488,Frances Smith,2199.7400000000002,11,199.97636363636366
4491,Mary Banks,6719.379999999999,29,231.70275862068962
4494,Mary Smith,4514.51,22,205.205
4518,Jennifer Smith,2539.8,10,253.98000000000002
4522,Mary Dennis,4169.4800000000005,20,208.47400000000002
4535,Ruth Brown,3969.71,20,198.4855
4539,Jacqueline James,6632.200000000001,36,184.2277777777778
4544,Mary Warren,2574.72,12,214.55999999999997
4546,Mary Garcia,339.97,2,169.985
4558,Jennifer Smith,579.91,4,144.9775
4559,Margaret Mcdaniel,4091.5299999999997,15,272.76866666666666
4565,Marilyn Stone,699.8399999999999,3,233.27999999999997
4592,Mary Sanchez,1737.8300000000002,11,157.98454545454547
4596,Mary Burns,5834.199999999999,28,208.36428571428567
4604,Mary Pearson,3739.6100000000006,19,196.82157894736847
4617,Jason Keller,1369.83,7,195.69
4627,Eric Lang,6604.36,31,213.04387096774192
4633,Mary Smith,3769.6500000000005,18,209.42500000000004
4638,Donald Hayes,289.89,2,144.945
4659,Paul Smith,6459.200000000001,27,239.22962962962967
4676,Donna Randolph,1619.8700000000001,5,323.97400000000005
4695,Hannah Guerra,1804.63,11,164.05727272727273
4701,Joyce Barker,1299.8600000000001,6,216.64333333333335
4716,Edward Cooper,929.96,4,232.49
4717,Mary Sanders,1899.7500000000002,10,189.97500000000002
4727,Amanda Estes,2197.69,12,183.14083333333335
4729,Robert Kaufman,2311.73,14,165.12357142857144
4737,Mary Mendoza,3484.73,17,204.98411764705884
4764,Christopher Smith,2227.72,11,202.51999999999998
4768,Amanda Hays,5033.4,25,201.33599999999998
4776,Mary Potter,2683.6400000000003,15,178.90933333333336
4777,David Smith,549.95,2,274.975
4814,Paul Suarez,554.86,4,138.715
4822,Mary Smith,2989.6500000000005,19,157.35000000000002
4843,Mary Sandoval,549.9200000000001,2,274.96000000000004
4873,Samantha Wilson,849.96,3,283.32
4878,Sandra Smith,1109.89,7,158.5557142857143
4884,Mary Wall,2729.6000000000004,13,209.9692307692308
4926,Mary Smith,4563.379999999999,21,217.3038095238095
4929,Janet Harvey,4889.42,26,188.05461538461537
4964,Charles Martinez,3912.6299999999997,16,244.53937499999998
4971,Mary Hogan,1389.7700000000002,8,173.72125000000003
4996,Christine Zimmerman,2999.71,17,176.45352941176472
5001,Ann Waller,6769.469999999999,27,250.7211111111111
5009,Aaron Smith,3243.65,17,190.8029411764706
5013,Mary Peters,5815.390000000001,26,223.6688461538462
5014,Peter Smith,1509.8000000000002,8,188.72500000000002
5032,Christopher Fry,2174.66,14,155.33285714285714
5046,Mary Smith,1939.7900000000002,10,193.979
5063,Frank Smith,3009.75,12,250.8125
5073,Mary Frazier,2009.72,7,287.10285714285715
5093,Sara Rice,5159.49,23,224.32565217391303
5119,Brenda Miller,2159.8,12,179.98333333333335
5120,Mary Smith,4229.58,20,211.47899999999998
5125,Mary Miller,4779.59,20,238.9795
5126,Karen Roberts,3099.42,17,182.31882352941176
5140,Mary Walton,4291.540000000001,22,195.07000000000005
5161,Mary Zavala,579.9300000000001,6,96.65500000000002
5169,Tiffany Berger,2433.7599999999998,9,270.41777777777776
5178,Mary Willis,1509.7900000000002,8,188.72375000000002
5179,Robert Smith,3399.5600000000004,14,242.82571428571433
5188,Margaret Grant,899.9200000000001,3,299.97333333333336
5193,Amanda Stokes,1989.8200000000002,14,142.13000000000002
5196,Mary Smith,3387.6500000000005,17,199.27352941176474
5222,Evelyn Vincent,2829.6800000000003,15,188.64533333333335
5229,Thomas Butler,4474.56,22,203.38909090909092
5234,Shirley Humphrey,4636.46,26,178.32538461538462
5244,Alexander Meyer,3709.62,19,195.24315789473684
5249,Robert Huffman,4449.67,19,234.19315789473686
5250,Donald Smith,3269.6700000000005,17,192.33352941176474
5252,Mary Smith,859.96,5,171.99200000000002
5253,Susan Watkins,1929.8500000000001,8,241.23125000000002
5274,Michael Beard,1849.8400000000001,9,205.5377777777778
5275,Alan Smith,1989.5900000000001,12,165.79916666666668
5293,Michelle Callahan,7209.099999999999,35,205.97428571428568
5301,Mary Ward,5181.26,22,235.5118181818182
5308,Mary Smith,3135.68,14,223.97714285714284
5332,Mary Smith,1449.69,9,161.07666666666668
5337,Samuel Stephenson,2919.63,16,182.476875
5351,Mary Smith,3347.5,18,185.97222222222223
5370,Andrew Smith,1935.8400000000001,10,193.584
5377,Crystal Jones,3939.3900000000003,19,207.3363157894737
5391,Mary Smith,3719.7200000000003,15,247.98133333333334
5397,Mary Nelson,2014.6100000000001,10,201.461
5401,Amber Smith,919.9000000000001,5,183.98000000000002
5406,Mary Whitehead,1929.8400000000001,12,160.82000000000002
5412,Roger Smith,2794.7,16,174.66875
5413,Mary Smith,5056.46,21,240.78380952380954
5435,Mary Smith,999.96,3,333.32
5448,Kelly English,463.88,4,115.97
5451,Wayne Torres,3368.48,18,187.13777777777779
5472,Joyce Vance,2499.6400000000003,12,208.30333333333337
5473,Randy Smith,3039.63,16,189.976875
5479,Mary Smith,2698.85,9,299.8722222222222
5480,Matthew Jones,4134.46,25,165.3784
5489,Teresa Smith,2089.82,11,189.98363636363638
5497,Katherine Skinner,3229.71,16,201.856875
5513,Mary Smith,2899.6600000000003,16,181.22875000000002
5529,Mary Smith,1829.8,10,182.98
5534,Elizabeth Smith,3594.6500000000005,19,189.1921052631579
5577,Mary Smith,3009.609999999999,15,200.64066666666662
5588,Jane Hopkins,2899.55,14,207.1107142857143
5603,David Smith,2404.8100000000004,14,171.77214285714288
5611,Michael Williamson,979.8800000000001,8,122.48500000000001
5612,Mary Huang,4638.64,24,193.27666666666667
5616,Mary Dudley,2409.8100000000004,12,200.81750000000002
5619,Mary Smith,1439.7800000000002,8,179.97250000000003
5623,Jose Haley,2589.78,11,235.43454545454549
5641,Eric Cohen,2719.6,13,209.2
5658,Michael Wiley,5579.52,24,232.48000000000002
5683,Rachel Smith,4551.58,21,216.74190476190475
5690,Mary Smith,2934.79,11,266.7990909090909
5712,Mary Smith,2239.79,12,186.64916666666667
5720,Peter Cooper,3249.56,16,203.0975
5725,Mary Smith,3709.59,19,195.24157894736842
5741,Mary Spencer,5170.35,26,198.8596153846154
5748,Shawn Mann,2224.7700000000004,12,185.39750000000004
5755,Marie Shah,5885.290000000001,28,210.1889285714286
5759,Mary Brown,3784.2700000000004,25,151.37080000000003
5764,William Weiss,3896.7000000000003,20,194.835
5778,Evelyn Smith,6587.3099999999995,28,235.2610714285714
5788,Mary Barrera,2771.6900000000005,17,163.04058823529414
5792,Mary Smith,2859.6400000000003,16,178.72750000000002
5797,Roy Smith,4661.62,22,211.89181818181817
5806,Mary Smith,2389.73,12,199.14416666666668
5809,Mary Nunez,709.98,3,236.66
5814,Debra Smith,2129.79,12,177.4825
5829,Mary Smith,4429.4400000000005,19,233.1284210526316
5846,Betty Smith,2049.63,9,227.73666666666668
5862,David Cantu,1938.8600000000001,10,193.88600000000002
5864,Mary Gentry,2209.7000000000003,10,220.97000000000003
5893,Mary Young,1209.75,8,151.21875
5895,Mary Sullivan,2589.62,13,199.20153846153846
5905,Denise Smith,3119.7300000000005,17,183.51352941176472
5907,Mary Proctor,5209.33,22,236.78772727272727
5915,Mary Hamilton,649.83,6,108.305
5921,Mary Buchanan,2804.55,15,186.97
5952,Jacob Smith,6299.49,27,233.31444444444443
5955,Mildred Burke,3311.67,15,220.778
5960,Margaret Smith,2239.7,11,203.6090909090909
5962,Jordan Smith,2503.6800000000003,15,166.912
5973,Michael Smith,4204.63,20,210.2315
5987,Mary Smith,4539.24,20,226.962
6027,Mary Moore,1939.8500000000001,9,215.5388888888889
6033,Mary Pitts,1359.92,7,194.27428571428572
6038,Sharon Brooks,999.8100000000001,4,249.95250000000001
6039,Theresa Mills,1709.82,7,244.26
6052,Mary Harding,773.77,6,128.96166666666667
6075,Mary Smith,1979.83,11,179.98454545454544
6087,Evelyn Smith,2674.71,17,157.33588235294118
6093,Douglas Jacobs,1709.7300000000002,11,155.43000000000004
6099,Helen Smith,3458.54,19,182.0284210526316
6101,Mary Smith,6371.33,29,219.70103448275862
6115,Mary Smith,3489.5800000000004,15,232.6386666666667
6174,Carl Bright,3473.71,16,217.106875
6193,Mary Li,2399.79,12,199.9825
6196,Jennifer Stewart,1679.7900000000002,10,167.979
6212,Mary Smith,2721.7999999999997,15,181.45333333333332
6226,John Jones,699.96,2,349.98
6232,Janet Webb,1559.71,6,259.95166666666665
6237,Bobby Anderson,3517.6800000000003,18,195.42666666666668
6252,Kevin Smith,1309.8100000000002,7,187.11571428571432
6256,Mary Murray,5341.420000000001,25,213.65680000000003
6258,Mary Smith,1219.8500000000001,7,174.26428571428573
6262,Mary Brennan,1275.83,5,255.166
6268,Mary Summers,3019.7700000000004,13,232.29000000000002
6285,Mary Garcia,7017.970000000001,37,189.6748648648649
6293,Mary Porter,1549.89,5,309.978
6309,Cynthia Smith,1299.8200000000002,9,144.42444444444448
6323,Gerald Roberts,2386.59,12,198.88250000000002
6336,Richard Maddox,3490.4400000000005,21,166.2114285714286
6339,Mary Bush,2128.67,13,163.74384615384616
6342,Kimberly Blair,5189.27,24,216.21958333333336
6346,Mary Cooley,4369.4400000000005,23,189.97565217391306
6356,Mary Smith,4774.4400000000005,22,217.02
6372,Henry Smith,74.97,1,74.97
6410,Stephanie Smith,3049.6500000000005,12,254.13750000000005
6415,Terry Carpenter,1484.6399999999999,8,185.57999999999998
6437,Sara Duarte,1779.8000000000002,9,197.7555555555556
6439,Mary Booth,1445.8300000000002,9,160.6477777777778
6443,Mary Salazar,2229.79,13,171.5223076923077
6455,Ethan Brown,3524.6000000000004,16,220.28750000000002
6458,Jonathan Franco,1069.8600000000001,5,213.97200000000004
6463,Mary Smith,1959.7,10,195.97
6483,Mary Smith,2521.58,14,180.11285714285714
6485,Carolyn Sheppard,1459.9,7,208.55714285714288
6488,Mary Smith,4639.290000000001,25,185.57160000000005
6493,Mary Best,2439.67,14,174.26214285714286
6497,Mary Lee,1169.8400000000001,6,194.97333333333336
6518,Mary Smith,3654.6800000000003,19,192.35157894736844
6520,Judy Foster,759.87,4,189.9675
6529,Aaron Smith,5191.4800000000005,27,192.27703703703705
6532,Mary Dixon,4584.43,26,176.32423076923078
6558,Ethan Smith,1669.72,9,185.52444444444444
6561,Jane Day,3844.6800000000003,19,202.35157894736844
6594,Rebecca Austin,1049.87,6,174.97833333333332
6600,Arthur Smith,2469.74,12,205.81166666666664
6617,Mary Barnes,2619.7200000000003,16,163.73250000000002
6631,Mary Morrow,1931.8100000000002,11,175.61909090909091
6642,Mary Gill,2099.86,9,233.3177777777778
6644,Judith Phillips,589.97,3,196.65666666666667
6646,Mary Lopez,1819.88,8,227.485
6654,Mary Simmons,2541.75,17,149.51470588235293
6658,Mary Smith,2925.61,17,172.09470588235294
6660,Christine Smith,6278.09,30,209.26966666666667
6679,Cynthia Smith,893.94,6,148.99
6694,John Evans,2679.67,13,206.12846153846155
6748,Keith Smith,1369.83,7,195.69
6769,Katherine Riley,1563.7800000000002,10,156.37800000000001
6800,Christine Ford,2564.8199999999997,11,233.1654545454545
6866,Wayne Smith,971.8700000000001,8,121.48375000000001
6879,Mark Mcguire,3529.6300000000006,17,207.6252941176471
6900,Judith Pham,2909.46,14,207.81857142857143
6906,Rebecca Watkins,3733.53,16,233.345625
6930,Paul Morton,4234.54,22,192.4790909090909
6934,Mary Ellis,2189.58,11,199.05272727272725
6938,Kathleen Smith,879.9300000000001,4,219.98250000000002
6939,Amber Jimenez,3210.5400000000004,21,152.88285714285718
6941,Jeffrey Palmer,1799.7800000000002,7,257.1114285714286
6968,Mary Sims,3179.5800000000004,19,167.3463157894737
6989,Mary Smith,619.94,3,206.64666666666668
6991,Mary Smith,1169.88,9,129.98666666666668
6998,Catherine Jimenez,2747.6100000000006,13,211.35461538461544
7012,Mary Allen,1669.66,11,151.78727272727272
7031,Virginia Smith,2659.6400000000003,14,189.97428571428574
7036,Maria Smith,3409.6000000000004,15,227.3066666666667
7049,Justin Graham,2189.67,13,168.43615384615384
7051,Russell Smith,1465.8000000000002,9,162.86666666666667
7054,Maria Arnold,3409.6400000000003,19,179.4547368421053
7074,Mary Patton,1547.7700000000002,11,140.70636363636365
7082,Adam Blair,5844.390000000001,24,243.51625000000004
7091,Elizabeth Wells,49.95,1,49.95
7112,Mark Harris,4599.4800000000005,20,229.97400000000002
7145,Mary Smith,2549.8100000000004,11,231.80090909090913
7173,Mary Glass,2199.7400000000002,12,183.3116666666667
7176,Mary Hudson,5419.17,23,235.61608695652174
7183,Anna Smith,4179.4400000000005,20,208.97200000000004
7186,Mary Meadows,5137.55,24,214.06458333333333
7192,Mary Bowers,3879.57,20,193.9785
7198,Mary Day,3179.6600000000003,12,264.9716666666667
7251,Benjamin Hamilton,2684.7900000000004,14,191.77071428571432
7279,Emily Smith,1544.74,9,171.63777777777779
7297,Philip Smith,1179.93,5,235.98600000000002
7308,Teresa Jensen,499.98,2,249.99
7317,Mary Smith,5289.5,21,251.88095238095238
7323,Sarah Neal,667.9,4,166.975
7329,Deborah Mendez,1936.7800000000002,10,193.67800000000003
7334,Mary Wilkerson,2359.7,10,235.96999999999997
7346,Mary Hughes,1139.89,6,189.98166666666668
7360,Mary Smith,2629.7200000000003,12,219.14333333333335
7367,Joseph Smith,1523.8600000000001,8,190.48250000000002
7389,Mary Ray,2269.71,13,174.59307692307692
7399,Mary Valdez,3339.52,16,208.72
7400,Benjamin Smith,1984.71,11,180.42818181818183
7408,Mary Holmes,1429.66,9,158.85111111111112
7415,Mary Smith,3919.4500000000003,20,195.97250000000003
7425,Rebecca Smith,1969.67,13,151.51307692307694
7440,James French,809.9100000000001,3,269.97
7457,Cheryl Smith,5919.32,29,204.11448275862068
7458,Philip Williams,2855.5600000000004,15,190.3706666666667
7486,Mary Kent,929.8800000000001,6,154.98000000000002
7491,Sharon Dominguez,3679.66,22,167.25727272727272
7500,Mary Smith,1629.7700000000002,12,135.8141666666667
7511,Mary Park,4809.42,23,209.10521739130436
7535,Sarah Browning,4034.4900000000007,20,201.72450000000003
7542,Mary Moss,3049.4900000000002,19,160.49947368421053
7544,Barbara Smith,3569.8100000000004,16,223.11312500000003
7549,Timothy Ellison,3539.5699999999997,20,176.9785
7551,Robert Richardson,1679.83,11,152.7118181818182
7553,Mary Thompson,3959.5200000000004,21,188.54857142857145
7565,Jean Donovan,2705.7799999999997,11,245.98
7580,Joseph Porter,2757.6600000000003,17,162.2152941176471
7583,Mary Pace,1657.8500000000001,7,236.83571428571432
7594,Mary Smith,4324.56,22,196.5709090909091
7599,Gerald Smith,1961.7700000000002,10,196.17700000000002
7602,Brian Mitchell,5129.570000000001,21,244.26523809523812
7604,Jonathan Hill,3752.55,25,150.102
7614,Paul Martin,859.9200000000001,5,171.984
7616,Mary Mason,5429.4400000000005,24,226.2266666666667
7622,Mary Hodges,2409.6800000000003,16,150.60500000000002
7644,Mary Freeman,1189.8600000000001,6,198.31000000000003
7646,Mary Smith,2899.62,11,263.60181818181815
7649,Mary Lopez,2146.76,12,178.89666666666668
7655,Mary Smith,2805.62,14,200.40142857142857
7674,Mary Smith,1193.8400000000001,6,198.97333333333336
7677,Mary Bonilla,5149.52,25,205.98080000000002
7680,Sandra Heath,1369.9,9,152.2111111111111
7681,Terry Mcknight,1449.89,8,181.23625
7684,Evelyn Harper,3964.51,18,220.25055555555556
7716,David Middleton,4809.450000000001,22,218.61136363636368
7719,Dorothy Smith,2835.7200000000003,14,202.5514285714286
7733,Mary Torres,3659.4800000000005,19,192.60421052631582
7739,Kathy Morris,4623.610000000001,23,201.02652173913046
7766,Jack Smith,1979.76,10,197.976
7772,Mary Thompson,2489.69,10,248.969
7776,Julie Smith,1919.8200000000002,11,174.5290909090909
7784,Mary Smith,4069.6400000000003,18,226.09111111111113
7786,Mary Price,1239.79,10,123.979
7794,Jennifer Compton,3035.63,16,189.726875
7795,Sandra Smith,4693.450000000001,25,187.73800000000003
7840,Mary Smith,3057.6400000000003,13,235.20307692307694
7844,Scott Smith,4628.209999999999,25,185.12839999999997
7848,Jessica Smith,5079.48,21,241.87999999999997
7853,Aaron Smith,2110.7400000000002,11,191.88545454545456
7868,Michael Smith,5329.43,26,204.97807692307694
7878,Helen Lewis,1859.75,10,185.975
7904,Mary Smith,1029.8,5,205.95999999999998
7909,Aaron Mann,99.99,1,99.99
7913,Randy Edwards,1493.91,5,298.78200000000004
7914,Mary Smith,1704.8400000000001,8,213.10500000000002
7919,Brittany Kent,1809.72,9,201.08
7925,William Smith,2339.7300000000005,12,194.97750000000005
7931,Mary Mcdaniel,1549.8400000000001,9,172.20444444444445
7954,Danielle Smith,6939.1900000000005,31,223.84483870967745
7955,Mary Rios,1529.8400000000001,8,191.23000000000002
7963,Mary Fisher,3409.46,17,200.5564705882353
7965,Mary Hunter,1649.8200000000002,6,274.97
7983,Heather Merritt,2859.76,13,219.9815384615385
8020,Joan Davis,4099.469999999999,20,204.97349999999997
8053,Mary Dennis,2895.55,14,206.82500000000002
8071,Gary Baker,6069.379999999999,26,233.4376923076923
8079,Mary Burnett,1339.93,6,223.3216666666667
8089,Evelyn Smith,959.96,5,191.99200000000002
8094,Gregory Rivas,1009.9200000000001,5,201.984
8100,Victoria Smith,1594.73,10,159.473
8134,Doris Smith,2139.7,12,178.3083333333333
8151,Michael Mcgee,889.94,7,127.13428571428572
8152,Nicholas Smith,2793.61,17,164.33
8157,Mary Marshall,1884.72,11,171.33818181818182
8158,Donald Pugh,2149.8100000000004,10,214.98100000000005
8160,Mary Young,489.95000000000005,4,122.48750000000001
8166,Patricia Smith,5799.330000000001,30,193.31100000000004
8178,Mary Barnes,1619.8500000000001,8,202.48125000000002
8180,Albert Smith,4285.450000000001,23,186.32391304347829
8184,Mary Smith,2527.6699999999996,12,210.63916666666663
8201,Lauren Smith,3849.7000000000007,17,226.45294117647063
8211,Ronald Mcneil,4443.34,24,185.13916666666668
8217,Virginia Cantrell,4903.59,25,196.1436
8226,Mary Ritter,1919.8000000000002,11,174.52727272727273
8231,Mary Jones,2179.67,9,242.18555555555557
8234,Kevin Smith,2319.84,13,178.44923076923078
8254,Jesse Esparza,5437.26,30,181.24200000000002
8260,Teresa Berg,4709.429999999999,19,247.86473684210523
8280,Mary Tyler,2239.6600000000003,13,172.28153846153847
8295,Margaret Lynch,2839.5699999999997,19,149.45105263157893
8331,Mary Norman,1579.79,8,197.47375
8336,Mary Smith,2619.63,14,187.11642857142857
8346,Mary Wright,1368.93,6,228.155
8348,Mary Maddox,2954.75,17,173.80882352941177
8364,Michael Smith,2999.6400000000003,14,214.26000000000002
8365,Matthew Norman,4899.62,23,213.02695652173912
8375,John Smith,2599.79,15,173.31933333333333
8379,Martha Kelly,3909.55,17,229.97352941176473
8387,Richard Fuentes,1739.73,9,193.30333333333334
8408,Patrick Smith,2189.7799999999997,11,199.07090909090905
8433,Sharon Short,2929.71,13,225.3623076923077
8456,Mary Smith,4009.57,17,235.85705882352943
8457,Joseph Larsen,3354.51,19,176.55315789473684
8469,Amanda Smith,1869.8200000000002,11,169.98363636363638
8493,Mark Pena,1119.79,6,186.63166666666666
8498,Joseph Pennington,1959.7700000000002,10,195.97700000000003
8504,Mary Davis,2439.46,12,203.28833333333333
8506,Elizabeth Smith,4443.48,22,201.97636363636363
8508,Eugene Smith,2511.59,21,119.59952380952382
8512,Deborah Gonzalez,2719.7400000000002,12,226.645
8522,Mary Smith,6399.42,29,220.6696551724138
8530,William Smith,379.86,3,126.62
8547,Melissa Cunningham,1269.9,7,181.41428571428574
8556,Daniel Pruitt,2377.7,16,148.60625
8568,Catherine Beck,3193.6500000000005,17,187.8617647058824
8570,Mary Cunningham,795.8700000000001,6,132.645
8582,Edward Smith,1935.7500000000002,11,175.97727272727275
8591,Mary Smith,3533.52,19,185.97473684210527
8606,Mary Shah,2800.62,15,186.708
8613,Mary Kirk,5619.450000000001,31,181.27258064516133
8615,Mary Smith,2644.7000000000003,14,188.90714285714287
8624,Theresa Welch,4138.75,18,229.93055555555554
8630,Jeremy Smith,2831.74,13,217.82615384615383
8638,Daniel Wood,3575.46,17,210.32117647058823
8641,David Smith,3249.6499999999996,11,295.42272727272723
8643,Mary Valenzuela,4399.460000000001,24,183.31083333333336
8645,Andrew Johnston,3069.5200000000004,16,191.84500000000003
8658,Mary Allen,5016.4,25,200.65599999999998
8659,Brenda Wong,204.96,2,102.48
8676,Mary Nguyen,2659.58,16,166.22375
8686,Dorothy Higgins,1009.79,5,201.958
8688,Michelle Rose,3524.54,21,167.83523809523808
8695,Larry Thomas,2479.8100000000004,14,177.12928571428574
8696,Mary Pope,2569.77,12,214.1475
8705,Patricia Smith,854.8700000000001,8,106.85875000000001
8720,Mary Alvarado,3489.7,17,205.27647058823527
8731,Donna Allen,2733.76,17,160.80941176470589
8744,Mary Wells,2245.8,10,224.58
8757,Tyler Gutierrez,5051.26,29,174.18137931034482
8758,Mary Shelton,2764.66,16,172.79125
8765,Gary Smith,1549.8600000000001,8,193.73250000000002
8767,Timothy Mejia,2109.67,11,191.7881818181818
8771,Karen Green,1494.8400000000001,9,166.09333333333336
8783,Eric Ramsey,519.95,2,259.975
8784,Jonathan Smith,3549.5899999999992,20,177.47949999999997
8786,Joseph Smith,4059.6800000000003,21,193.31809523809525
8791,Beverly Ali,4469.55,19,235.23947368421054
8798,Maria Smith,599.97,2,299.985
8802,Mary Donovan,1897.75,10,189.775
8829,Charles Smith,3409.6500000000005,15,227.31000000000003
8846,Thomas Smith,819.94,4,204.985
8867,Justin Bonilla,3759.6499999999996,14,268.5464285714285
8869,Thomas Lambert,5588.41,29,192.70379310344828
8891,Michael Smith,1894.7900000000002,10,189.479
8892,Russell Dennis,4789.360000000001,27,177.38370370370373
8900,Russell Peterson,479.99,3,159.99666666666667
8903,Mary Torres,2759.56,13,212.27384615384614
8905,Donna Smith,4399.48,20,219.974
8939,Mary Smith,1579.8700000000001,10,157.98700000000002
8942,Robert Smith,4239.62,20,211.981
8943,Brian Yates,1049.89,7,149.98428571428573
8948,Russell Smith,5029.240000000001,20,251.46200000000005
8951,Mary Baker,1559.84,10,155.98399999999998
8973,Mary Smith,1279.92,5,255.984
8974,Mary Schultz,5125.48,22,232.97636363636363
8985,Helen Russo,399.98,1,399.98
8989,Sarah Aguilar,4729.590000000001,19,248.92578947368426
8995,Mary Smith,5659.5,23,246.06521739130434
9001,Mary Smith,4034.57,22,183.38954545454547
9007,Mary Maynard,1889.8000000000002,10,188.98000000000002
9011,Mary Smith,3449.7200000000003,16,215.60750000000002
9023,Jonathan Schmidt,3013.58,21,143.5038095238095
9031,Mary Brown,3372.6299999999997,17,198.39
9033,Mary Schaefer,1689.8700000000001,6,281.64500000000004
9034,Paul Villa,2129.8500000000004,11,193.6227272727273
9049,Brenda Wright,2409.78,14,172.12714285714287
9067,Harry Myers,749.96,3,249.98666666666668
9097,Mary Padilla,2487.7000000000003,13,191.3615384615385
9115,Gary Clayton,2404.7300000000005,16,150.29562500000003
9119,Mary Smith,5774.450000000001,23,251.0630434782609
9135,Mary Johnson,3989.6400000000003,14,284.9742857142857
9139,Mary Galvan,1414.83,10,141.483
9141,Ronald Clark,3989.69,21,189.9852380952381
9158,Mary Bender,2524.76,14,180.34
9171,Mary Bruce,3349.3300000000004,16,209.33312500000002
9174,Tyler Smith,3094.6400000000003,15,206.30933333333334
9182,Mary English,3289.4799999999996,20,164.474
9201,Christian Smith,2539.6200000000003,12,211.63500000000002
9205,James Holmes,3039.38,17,178.7870588235294
9208,John Gillespie,2259.74,11,205.43090909090907
9226,Grace Davis,2709.82,13,208.4476923076923
9261,Patrick Burnett,1574.6599999999999,8,196.83249999999998
9269,Angela English,749.96,4,187.49
9271,Christopher Smith,7665.25,35,219.00714285714287
9272,Ronald Blackwell,1705.67,11,155.0609090909091
9285,Gloria Smith,4142.47,22,188.29409090909093
9310,Timothy Smith,1821.7,16,113.85625
9313,Mary Krause,1179.81,7,168.5442857142857
9317,Mary Smith,4734.490000000001,24,197.2704166666667
9321,Mary Silva,2935.66,17,172.68588235294118
9326,Linda Hess,2885.5699999999997,17,169.73941176470586
9330,Mary Conley,669.85,5,133.97
9338,James Davis,4254.43,21,202.59190476190477
9359,Nancy Campos,3640.5699999999993,18,202.25388888888884
9371,Mary Patterson,9299.029999999999,44,211.34159090909088
9377,Carol Leach,5899.290000000001,26,226.89576923076928
9380,Ryan Carson,2029.6800000000003,14,144.97714285714287
9403,Mary Peters,1517.8500000000001,8,189.73125000000002
9418,Debra Snow,3017.67,18,167.64833333333334
9440,Mary Leonard,1599.93,8,199.99125
9454,Mary Carson,3564.63,18,198.035
9458,Mary Carlson,2174.7700000000004,9,241.64111111111117
9461,Mary Hoover,2829.7400000000002,12,235.8116666666667
9473,Michelle Smith,1914.8600000000001,9,212.76222222222225
9474,Keith Moore,1329.8,7,189.97142857142856
9481,Julie Smith,1194.85,9,132.7611111111111
9488,Mary Smith,2699.6700000000005,17,158.80411764705886
9490,Mary Glass,6984.24,28,249.43714285714285
9510,Steven Wright,5113.47,24,213.06125
9533,Mary Hess,3544.59,19,186.55736842105264
9546,Louis Holland,2109.84,8,263.73
9552,Richard Wilkerson,4419.45,25,176.778
9555,Sandra Smith,4057.5299999999997,19,213.55421052631579
9570,William Sampson,2499.83,11,227.25727272727272
9574,Mary Smith,1954.72,14,139.62285714285716
9580,Mary Robbins,7109.17,30,236.97233333333332
9600,Nicholas Sanders,3529.5899999999997,16,220.59937499999998
9601,Olivia Reid,649.9,4,162.475
9608,Jack Lewis,3134.6500000000005,15,208.97666666666672
9614,Patricia Frazier,2689.57,14,192.11214285714286
9624,Ann Smith,2709.7999999999997,16,169.36249999999998
9633,Catherine Smith,3257.67,17,191.62764705882353
9639,Mary Smith,4838.610000000001,26,186.10038461538463
9643,Olivia Smith,3309.5600000000004,14,236.39714285714288
9657,Roy Williams,2429.6800000000003,15,161.9786666666667
9674,Sean Smith,1309.88,7,187.1257142857143
9705,Patricia Smith,1619.7900000000002,9,179.9766666666667
9708,Cynthia Smith,3825.54,21,182.16857142857143
9724,Mary Black,1649.8300000000002,8,206.22875000000002
9732,Nancy Jennings,3309.63,16,206.851875
9741,Judith King,3126.7000000000003,15,208.4466666666667
9756,Mary White,3303.65,17,194.33235294117648
9767,Mary Clayton,2009.8000000000002,10,200.98000000000002
9775,Katherine Smith,2294.69,14,163.90642857142856
9778,Kathy Maddox,3109.7200000000003,16,194.35750000000002
9788,Mary Smith,1209.8600000000001,6,201.64333333333335
9805,Mary Camacho,3613.6100000000006,21,172.07666666666668
9813,Mary Roth,4408.35,24,183.68125
9814,Daniel Smith,2943.5299999999997,12,245.29416666666665
9815,Cheryl Simmons,859.8900000000001,6,143.31500000000003
9818,Mary Avila,1354.8200000000002,9,150.53555555555556
9834,Mary Thompson,1359.7399999999998,10,135.974
9846,Michelle Horn,2589.76,13,199.21230769230772
9890,Christian Luna,4119.62,20,205.981
9915,Mary Pollard,1879.7800000000002,10,187.978
9919,Mary Daniel,3649.6399999999994,17,214.68470588235292
9934,Kathleen Smith,969.9100000000001,7,138.55857142857144
9942,Lisa Moore,3869.5299999999997,16,241.84562499999998
9948,Susan Day,1767.77,8,220.97125
9957,Charles Bennett,3986.55,20,199.32750000000001
9988,Brenda Simmons,3447.51,17,202.79470588235296
10003,Robert Kerr,3089.6800000000003,15,205.9786666666667
10005,Zachary Day,1954.75,8,244.34375
10019,Victoria Obrien,2401.71,14,171.5507142857143
10054,Zachary Hunt,59.99,1,59.99
10059,Julia Smith,2309.7799999999997,11,209.98
10065,Betty Padilla,719.9300000000001,4,179.98250000000002
10073,Megan Lee,969.94,4,242.485
10077,Judith Smith,5309.320000000001,24,221.2216666666667
10087,Mary Myers,2187.82,14,156.27285714285716
10106,Mary Smith,1049.91,5,209.98200000000003
10124,Mary Santos,1348.89,8,168.61125
10150,Mary Vasquez,949.9300000000001,5,189.98600000000002
10153,Mary Smith,2029.8100000000002,13,156.13923076923078
10157,Mary Todd,3649.71,16,228.106875
10163,Theresa Smith,3479.58,18,193.31
10172,Mary Pugh,4804.55,20,240.22750000000002
10173,Kathleen Smith,1077.7800000000002,8,134.72250000000003
10175,Michael Gibson,6799.16,34,199.97529411764705
10189,Harry Chung,1239.92,5,247.984
10193,Mary Hernandez,1773.88,11,161.2618181818182
10202,Mary Wagner,599.8399999999999,3,199.94666666666663
10207,Janet Smith,2159.7200000000003,10,215.97200000000004
10224,Betty Lawson,3184.67,14,227.47642857142858
10225,Diane English,3779.4300000000003,23,164.32304347826087
10227,Mary Henderson,1637.8200000000002,10,163.782
10233,Mary Bennett,1894.7600000000002,10,189.47600000000003
10237,Margaret Davis,2749.76,15,183.31733333333335
10243,Donna Anderson,329.98,2,164.99
10246,Barbara Cameron,2619.6600000000003,13,201.51230769230773
10257,Michael Smith,4474.650000000001,18,248.5916666666667
10269,Mary Flowers,4927.25,28,175.97321428571428
10282,Mary Roberts,3649.56,17,214.68
10286,Wayne Curtis,1369.8200000000002,8,171.22750000000002
10303,Shawn Smith,2369.62,14,169.25857142857143
10304,Mary Watson,3589.58,14,256.3985714285714
10328,Mary Smith,1169.76,8,146.22
10339,Steven Smith,2426.67,17,142.74529411764706
10340,Nicholas Stevens,4839.39,25,193.5756
10352,Mary Smith,2269.8100000000004,9,252.20111111111115
10365,Amy Smith,1689.7900000000002,10,168.979
10371,Joseph Smith,7518.130000000001,36,208.83694444444447
10377,Anna Smith,3729.58,17,219.3870588235294
10382,Mary Romero,2993.37,15,199.558
10389,Daniel Jackson,1189.88,6,198.31333333333336
10407,William Clay,5714.18,28,204.07785714285714
10413,Mary Smith,3249.7200000000003,17,191.16000000000003
10447,Mary Smith,5969.54,29,205.84620689655173
10460,Mary Morrison,1159.81,8,144.97625
10465,Cynthia Spence,249.98,2,124.99
10471,Mary Smith,1854.8700000000001,9,206.0966666666667
10472,Margaret Cook,4087.46,24,170.31083333333333
10485,Mary Smith,1099.8600000000001,4,274.96500000000003
10508,Angela Meadows,4119.4800000000005,22,187.24909090909094
10525,Mary Lopez,1299.91,6,216.65166666666667
10528,Mary Smith,2883.7400000000002,14,205.98142857142858
10530,Mary Smith,2814.7,16,175.91875
10538,Evelyn Gomez,4103.460000000001,21,195.4028571428572
10547,Amy Ruiz,1759.8600000000001,8,219.98250000000002
10559,Mary Jones,5654.27,28,201.9382142857143
10580,Andrew Smith,2724.79,14,194.62785714285715
10591,Deborah Humphrey,7889.05,45,175.31222222222223
10608,Ralph Kidd,1217.88,5,243.57600000000002
10612,Anna Smith,5804.1,33,175.8818181818182
10616,Mary Little,2406.76,10,240.67600000000002
10626,Emma Anderson,2170.84,12,180.90333333333334
10629,Robert Smith,913.76,4,228.44
10642,James Smith,4475.54,23,194.58869565217393
10647,Amy Johnson,2639.78,10,263.978
10652,Tammy Smith,389.92,4,97.48
10668,Mary Smith,4499.4400000000005,19,236.8126315789474
10688,Pamela Rivers,3149.78,14,224.98428571428573
10693,Andrea Sparks,2139.7700000000004,12,178.3141666666667
10695,Andrew Smith,1989.89,10,198.989
10711,Cynthia Campbell,4129.51,17,242.9123529411765
10729,Mary Phillips,2149.8500000000004,11,195.44090909090912
10744,Samantha Smith,7284.4,26,280.16923076923075
10761,David Smith,6134.51,28,219.08964285714288
10778,Mary Mercado,4989.610000000001,25,199.58440000000002
10783,Linda Smith,4119.41,23,179.10478260869564
10811,Joshua Carter,2149.64,12,179.13666666666666
10816,Henry Turner,1388.8500000000001,9,154.3166666666667
10826,Mary Hanson,3059.7400000000002,15,203.9826666666667
10827,Janice Smith,2193.79,11,199.43545454545455
10832,Mary Khan,2383.7200000000003,12,198.64333333333335
10839,Mary Blake,4479.67,19,235.7721052631579
10851,Dylan Stephens,2649.7400000000002,14,189.2671428571429
10876,William Beasley,3799.5199999999995,20,189.97599999999997
10890,Doris Moody,3245.6500000000005,15,216.3766666666667
10894,Mary Castillo,1949.8300000000002,8,243.72875000000002
10895,Mary Pierce,2566.6400000000003,9,285.18222222222226
10924,Steven Smith,1349.8500000000001,4,337.46250000000003
10926,Mary Smith,3409.59,16,213.099375
10937,Mary Smith,607.9100000000001,5,121.58200000000002
10940,Mary Crawford,3289.5199999999995,20,164.47599999999997
10952,Mary Suarez,4418.610000000001,22,200.84590909090912
10963,Amber Smith,799.9200000000001,4,199.98000000000002
10968,Diana Smith,2439.6,14,174.25714285714284
10973,Debra Sullivan,3201.48,19,168.49894736842106
10981,Mary Smith,2319.8,14,165.70000000000002
11012,Mary Smith,2384.76,13,183.44307692307694
11013,Andrew Nguyen,3439.67,18,191.09277777777777
11019,Mary Zamora,2763.7400000000002,13,212.59538461538463
11021,Brenda Shaw,2804.81,12,233.73416666666665
11025,Mary Smith,2769.7700000000004,10,276.97700000000003
11032,Mary Welch,4587.210000000001,26,176.43115384615388
11033,Matthew Fields,1214.8700000000001,5,242.97400000000002
11039,Mary Torres,4698.38,26,180.7069230769231
11063,Mary Smith,981.85,7,140.2642857142857
11072,Nathan Anthony,1389.9,6,231.65
11079,Russell Smith,2379.76,14,169.98285714285717
11089,Mary Smith,5119.46,23,222.58521739130435
11107,Melissa Smith,2474.7400000000002,13,190.3646153846154
11114,Mary Owens,2194.5699999999997,14,156.75499999999997
11125,Edward Fitzgerald,3369.6099999999997,15,224.64066666666665
11128,Timothy Lyons,5499.34,24,229.13916666666668
11134,Robert Lopez,6249.110000000001,29,215.48655172413794
11136,Gloria Smith,3129.8199999999997,17,184.1070588235294
11144,Jose Dickerson,2959.67,15,197.31133333333335
11149,Roy Smith,3474.6400000000003,17,204.39058823529413
11151,Harold Walker,3679.7200000000003,17,216.45411764705884
11161,Mary Pennington,2947.65,12,245.63750000000002
11173,Kathleen Mayer,2079.66,10,207.96599999999998
11181,Mary Hernandez,1504.91,6,250.81833333333336
11183,Mary Smith,1229.77,8,153.72125
11185,Barbara Smith,2179.78,11,198.1618181818182
11195,Jacqueline Smith,3009.6800000000003,19,158.4042105263158
11207,Gerald Smith,619.95,4,154.9875
11218,Louis Novak,6277.31,29,216.45896551724138
11221,Mary Pittman,891.9100000000001,6,148.65166666666667
11234,Martha Smith,719.87,4,179.9675
11245,Debra Washington,3609.55,15,240.63666666666668
11261,Robert Smith,2405.76,12,200.48000000000002
11264,George Smith,3444.6100000000006,18,191.36722222222227
11288,Cynthia Smith,1293.8500000000001,8,161.73125000000002
11301,Helen Bauer,3104.77,14,221.7692857142857
11305,Mary Hartman,6089.380000000001,26,234.20692307692312
11314,Ashley Mclaughlin,3939.54,17,231.73764705882354
11328,Patricia Johns,2529.83,14,180.70214285714286
11342,Steven Booker,2829.5499999999993,14,202.11071428571424
11345,John Mathis,939.89,4,234.9725
11347,Ruth Jones,189.98000000000002,2,94.99000000000001
11350,Brittany Lynch,3761.53,21,179.1204761904762
11363,Frank Paul,1009.9000000000001,8,126.23750000000001
11373,William Cohen,3169.4900000000002,15,211.29933333333335
11385,Mary Stewart,2167.8500000000004,10,216.78500000000003
11398,Brian Smith,3429.4300000000003,18,190.5238888888889
11399,Mary Martinez,2714.5800000000004,14,193.89857142857144
11401,Mary Smith,2377.75,11,216.1590909090909
11404,Helen Cook,4017.4100000000003,21,191.3052380952381
11433,Peter Smith,3453.5,20,172.675
11444,Kathleen Patrick,2939.67,18,163.315
11450,Donald Nelson,3191.6000000000004,16,199.47500000000002
11463,Mary Smith,2303.8100000000004,11,209.43727272727276
11465,Mary Smith,2899.67,15,193.31133333333335
11479,Debra Johnson,2781.5999999999995,16,173.84999999999997
11482,Mary Smith,1907.69,12,158.97416666666666
11487,Cheryl Evans,1859.8000000000002,11,169.0727272727273
11489,Dorothy Hudson,4014.4599999999996,20,200.72299999999998
11498,Scott Day,2189.7700000000004,10,218.97700000000003
11499,Mary Smith,2234.54,13,171.8876923076923
11500,Mary Martin,2659.71,13,204.59307692307692
11505,Michael Schultz,2811.6499999999996,15,187.4433333333333
11506,Sara Baxter,1979.8300000000002,9,219.98111111111112
11513,David Smith,5671.349999999999,28,202.54821428571427
11526,Dorothy Crawford,4224.35,20,211.21750000000003
11535,Dorothy Moon,3623.3300000000004,19,190.70157894736843
11537,Lori Phelps,2319.87,12,193.3225
11540,Doris Smith,1379.8300000000002,10,137.983
11559,Mary Smith,2017.55,11,183.41363636363636
11583,Mary Smith,4049.48,19,213.13052631578947
11587,Alice Stewart,2399.6399999999994,12,199.96999999999994
11589,Mary Anderson,3754.4000000000005,23,163.23478260869567
11595,Zachary Jones,3389.4500000000003,20,169.47250000000003
11600,Jean Finley,2599.76,15,173.31733333333335
11609,Alice Lozano,2324.74,12,193.72833333333332
11619,Mary Anderson,2689.6800000000003,14,192.12000000000003
11628,Jennifer Edwards,1289.91,8,161.23875
11650,Mary Smith,2359.61,15,157.30733333333333
11663,Emily Hill,2089.67,10,208.967
11667,Mary Brooks,4712.370000000001,32,147.26156250000003
11681,Roy Jackson,4269.36,24,177.89
11684,Denise Smith,859.95,4,214.9875
11692,Mary Weber,3497.4000000000005,20,174.87000000000003
11693,Mary Garrett,659.96,3,219.98666666666668
11694,Margaret Rios,5064.160000000001,28,180.86285714285717
11696,Mary Smith,1274.8200000000002,7,182.11714285714288
11697,Jessica Thomas,2704.7,14,193.19285714285712
11698,Julie Tran,3129.6800000000003,14,223.54857142857145
11701,Mary Tucker,1449.89,8,181.23625
11709,Mary Harrison,1599.7800000000002,8,199.97250000000003
11710,Jacob Hopkins,3419.6099999999997,17,201.15352941176468
11712,Edward Smith,1379.83,5,275.966
11740,Jacob Foster,1399.71,8,174.96375
11743,Alexander Smith,2379.69,13,183.05307692307693
11748,James Smith,3939.6800000000003,18,218.87111111111113
11751,Mary Smith,1719.8500000000001,8,214.98125000000002
11784,Mary Cunningham,5269.1900000000005,32,164.66218750000002
11786,Mary Macdonald,3769.5499999999993,20,188.47749999999996
11788,Dennis Marsh,1933.69,11,175.79
11793,Thomas Riley,5674.32,27,210.16
11795,Eugene Lewis,1369.8300000000002,7,195.69000000000003
11799,Mary Tate,3657.5,19,192.5
11805,Anthony Smith,2094.7799999999997,10,209.47799999999998
11808,Sharon Schultz,2109.69,11,191.79
11819,Jerry Vincent,3185.5600000000004,18,176.9755555555556
11827,Mary Smith,2109.82,11,191.8018181818182
11845,Mary Weaver,1059.87,5,211.974
11857,Judy Wall,3759.5200000000004,19,197.86947368421056
11873,Joe Collier,2249.7300000000005,11,204.52090909090913
11877,Jeffrey Krueger,3332.6000000000004,23,144.89565217391305
11883,Steven Miller,1753.77,11,159.43363636363637
11888,Frank Barrett,7344.140000000001,31,236.9077419354839
11893,Mary Graves,699.9399999999999,3,233.3133333333333
11917,Matthew Brooks,2371.84,10,237.18400000000003
11954,Mary Smith,4289.630000000001,20,214.48150000000004
11962,Diana Smith,4259.360000000001,23,185.18956521739133
11967,Mary Beard,1459.89,8,182.48625
11972,Henry Smith,2979.57,14,212.82642857142858
11981,Mary Smith,2281.82,13,175.5246153846154
12025,Linda Collier,1849.8500000000001,10,184.985
12030,Linda Smith,695.86,6,115.97666666666667
12035,William Mcdaniel,3564.59,21,169.74238095238096
12044,Mary Smith,2966.63,14,211.90214285714288
12052,Mary Burke,3109.67,15,207.31133333333335
12057,Tyler Sims,2569.73,13,197.67153846153846
12059,Shawn Clark,1699.89,8,212.48625
12068,Mary Smith,3609.5200000000004,20,180.47600000000003
12072,Mary Stevens,3379.58,17,198.79882352941175
12108,Gloria Stephens,2809.66,16,175.60375
12110,Lisa Smith,1339.8400000000001,9,148.87111111111113
12116,Mary Shea,1789.8000000000002,8,223.72500000000002
12118,Mary Zimmerman,3219.75,16,201.234375
12150,Paul Hancock,1579.78,7,225.68285714285713
12157,Rose Morrow,2279.8500000000004,13,175.37307692307695
12165,Christine Smith,1979.8700000000001,8,247.48375000000001
12209,Jerry Hobbs,1800.7600000000002,11,163.70545454545456
12219,Beverly Nguyen,3669.6200000000003,15,244.64133333333336
12255,Mary Davis,1889.75,8,236.21875
12262,Michael Gray,2999.6400000000003,21,142.84
12271,Mary Small,4399.52,25,175.98080000000002
12276,Martha Smith,2479.79,16,154.986875
12287,Robert Lee,1359.8899999999999,6,226.6483333333333
12298,Mary Harper,2449.6099999999997,12,204.13416666666663
12312,Jessica Figueroa,1769.7300000000002,10,176.973
12314,Bruce Smith,3089.7,16,193.10625
12319,Laura Woodward,3273.59,19,172.2942105263158
12324,Ruth Townsend,3899.7,19,205.2473684210526
12332,Kelly Jones,4369.43,19,229.97000000000003
12334,Michael Robertson,3958.75,19,208.35526315789474
12336,Joe Smith,3629.5800000000004,16,226.84875000000002
12337,Mary Davis,979.85,4,244.9625
12346,Mary Smith,729.95,4,182.4875
12349,Mary Arnold,2157.7,11,196.15454545454543
12357,Harry Smith,3933.4200000000005,21,187.30571428571432
12363,Kimberly Meza,3775.4,20,188.77
12369,Mary Martinez,1683.79,10,168.379
12387,Mary Archer,1233.8700000000001,7,176.2671428571429
12391,Evelyn Lewis,1899.79,7,271.3985714285714
12400,Mary Smith,2959.51,15,197.30066666666667
12410,Bryan Smith,1839.8500000000001,11,167.25909090909093
12417,Mary Smith,979.8900000000001,4,244.97250000000003
12425,Mary Smith,3037.67,15,202.51133333333334
12431,Mary Rios,8073.150000000001,36,224.2541666666667
